timestamp,event_id,n_event,callback_id,application_id,value
2025-07-04 11:34:29.588787,enact,1,response_time,case_study_1,20.0
2025-07-04 11:34:29.603278,enact,2,response_time,case_study_1,20.0
2025-07-04 11:34:29.619360,enact,3,response_time,case_study_1,20.0
2025-07-04 11:34:29.634599,enact,4,response_time,case_study_1,20.0
2025-07-04 11:34:29.650330,enact,5,response_time,case_study_1,20.0
2025-07-04 11:34:29.664697,enact,6,response_time,case_study_1,20.0
2025-07-04 11:34:29.678936,enact,7,response_time,case_study_1,20.0
2025-07-04 11:34:29.693195,enact,8,response_time,case_study_1,20.0
2025-07-04 11:34:29.707644,enact,9,response_time,case_study_1,20.0
2025-07-04 11:34:29.721784,enact,10,response_time,case_study_1,20.0
2025-07-04 11:34:29.736056,enact,11,response_time,case_study_1,20.0
2025-07-04 11:34:29.751926,enact,12,response_time,case_study_1,20.0
2025-07-04 11:34:29.767390,enact,13,response_time,case_study_1,20.0
2025-07-04 11:34:29.802479,enact,14,response_time,case_study_1,20.0
2025-07-04 11:34:29.816690,enact,15,response_time,case_study_1,20.0
2025-07-04 11:34:29.830884,enact,16,response_time,case_study_1,20.0
2025-07-04 11:34:29.845406,enact,17,response_time,case_study_1,20.0
2025-07-04 11:34:29.859566,enact,18,response_time,case_study_1,20.0
2025-07-04 11:34:29.873542,enact,19,response_time,case_study_1,20.0
2025-07-04 11:34:29.887512,enact,20,response_time,case_study_1,20.0
2025-07-04 11:34:29.902219,enact,21,response_time,case_study_1,20.0
2025-07-04 11:34:29.917973,enact,22,response_time,case_study_1,20.0
2025-07-04 11:34:29.932815,enact,23,response_time,case_study_1,20.0
2025-07-04 11:34:29.946915,enact,24,response_time,case_study_1,20.0
2025-07-04 11:34:29.961259,enact,25,response_time,case_study_1,20.0
2025-07-04 11:34:29.975778,enact,26,response_time,case_study_1,20.0
2025-07-04 11:34:29.989840,enact,27,response_time,case_study_1,20.0
2025-07-04 11:34:30.003879,enact,28,response_time,case_study_1,20.0
2025-07-04 11:34:30.018862,enact,29,response_time,case_study_1,20.0
2025-07-04 11:34:30.034541,enact,30,response_time,case_study_1,20.0
2025-07-04 11:34:30.050837,enact,31,response_time,case_study_1,20.0
2025-07-04 11:34:30.065786,enact,32,response_time,case_study_1,20.0
2025-07-04 11:34:30.080152,enact,33,response_time,case_study_1,20.0
2025-07-04 11:34:30.094428,enact,34,response_time,case_study_1,20.0
2025-07-04 11:34:30.108430,enact,35,response_time,case_study_1,20.0
2025-07-04 11:34:30.122757,enact,36,response_time,case_study_1,20.0
2025-07-04 11:34:30.137482,enact,37,response_time,case_study_1,20.0
2025-07-04 11:34:30.152198,enact,38,response_time,case_study_1,20.0
2025-07-04 11:34:30.167860,enact,39,response_time,case_study_1,20.0
2025-07-04 11:34:30.183366,enact,40,response_time,case_study_1,20.0
2025-07-04 11:34:30.198057,enact,41,response_time,case_study_1,20.0
2025-07-04 11:34:30.212860,enact,42,response_time,case_study_1,20.0
2025-07-04 11:34:30.227029,enact,43,response_time,case_study_1,20.0
2025-07-04 11:34:30.241240,enact,44,response_time,case_study_1,20.0
2025-07-04 11:34:30.255370,enact,45,response_time,case_study_1,20.0
2025-07-04 11:34:30.270597,enact,46,response_time,case_study_1,20.0
2025-07-04 11:34:30.285256,enact,47,response_time,case_study_1,20.0
2025-07-04 11:34:30.300044,enact,48,response_time,case_study_1,20.0
2025-07-04 11:34:30.314848,enact,49,response_time,case_study_1,20.0
2025-07-04 11:34:30.329245,enact,50,response_time,case_study_1,20.0
2025-07-04 11:34:30.344462,enact,51,response_time,case_study_1,20.0
2025-07-04 11:34:30.359134,enact,52,response_time,case_study_1,20.0
2025-07-04 11:34:30.373576,enact,53,response_time,case_study_1,20.0
2025-07-04 11:34:30.387960,enact,54,response_time,case_study_1,20.0
2025-07-04 11:34:30.402439,enact,55,response_time,case_study_1,20.0
2025-07-04 11:34:30.417722,enact,56,response_time,case_study_1,20.0
2025-07-04 11:34:30.432547,enact,57,response_time,case_study_1,20.0
2025-07-04 11:34:30.447549,enact,58,response_time,case_study_1,20.0
2025-07-04 11:34:30.461890,enact,59,response_time,case_study_1,20.0
2025-07-04 11:34:30.476405,enact,60,response_time,case_study_1,20.0
2025-07-04 11:34:30.490490,enact,61,response_time,case_study_1,20.0
2025-07-04 11:34:30.505796,enact,62,response_time,case_study_1,20.0
2025-07-04 11:34:30.520322,enact,63,response_time,case_study_1,20.0
2025-07-04 11:34:30.535760,enact,64,response_time,case_study_1,20.0
2025-07-04 11:34:30.550861,enact,65,response_time,case_study_1,20.0
2025-07-04 11:34:30.565434,enact,66,response_time,case_study_1,20.0
2025-07-04 11:34:30.580101,enact,67,response_time,case_study_1,20.0
2025-07-04 11:34:30.594680,enact,68,response_time,case_study_1,20.0
2025-07-04 11:34:30.608805,enact,69,response_time,case_study_1,20.0
2025-07-04 11:34:30.623062,enact,70,response_time,case_study_1,20.0
2025-07-04 11:34:30.637524,enact,71,response_time,case_study_1,20.0
2025-07-04 11:34:30.653234,enact,72,response_time,case_study_1,20.0
2025-07-04 11:34:30.667697,enact,73,response_time,case_study_1,20.0
2025-07-04 11:34:30.682052,enact,74,response_time,case_study_1,20.0
2025-07-04 11:34:30.696368,enact,75,response_time,case_study_1,20.0
2025-07-04 11:34:30.710465,enact,76,response_time,case_study_1,20.0
2025-07-04 11:34:30.725008,enact,77,response_time,case_study_1,20.0
2025-07-04 11:34:30.740204,enact,78,response_time,case_study_1,20.0
2025-07-04 11:34:30.754374,enact,79,response_time,case_study_1,20.0
2025-07-04 11:34:30.769224,enact,80,response_time,case_study_1,20.0
2025-07-04 11:34:30.784118,enact,81,response_time,case_study_1,20.0
2025-07-04 11:34:30.799086,enact,82,response_time,case_study_1,20.0
2025-07-04 11:34:30.814069,enact,83,response_time,case_study_1,20.0
2025-07-04 11:34:30.828593,enact,84,response_time,case_study_1,20.0
2025-07-04 11:34:30.843084,enact,85,response_time,case_study_1,20.0
2025-07-04 11:34:30.857432,enact,86,response_time,case_study_1,20.0
2025-07-04 11:34:30.871428,enact,87,response_time,case_study_1,20.0
2025-07-04 11:34:30.886332,enact,88,response_time,case_study_1,20.0
2025-07-04 11:34:30.902089,enact,89,response_time,case_study_1,20.0
2025-07-04 11:34:30.916992,enact,90,response_time,case_study_1,20.0
2025-07-04 11:34:30.931037,enact,91,response_time,case_study_1,20.0
2025-07-04 11:34:30.945601,enact,92,response_time,case_study_1,20.0
2025-07-04 11:34:30.960771,enact,93,response_time,case_study_1,20.0
2025-07-04 11:34:30.977376,enact,94,response_time,case_study_1,20.0
2025-07-04 11:34:30.991636,enact,95,response_time,case_study_1,20.0
2025-07-04 11:34:31.005684,enact,96,response_time,case_study_1,20.0
2025-07-04 11:34:31.020302,enact,97,response_time,case_study_1,20.0
2025-07-04 11:34:31.036143,enact,98,response_time,case_study_1,20.0
2025-07-04 11:34:31.051942,enact,99,response_time,case_study_1,20.0
2025-07-04 11:34:31.067233,enact,100,response_time,case_study_1,20.0
2025-07-04 11:34:31.081647,enact,101,response_time,case_study_1,20.0
2025-07-04 11:34:31.095969,enact,102,response_time,case_study_1,20.0
2025-07-04 11:34:31.111336,enact,103,response_time,case_study_1,20.0
2025-07-04 11:34:31.126064,enact,104,response_time,case_study_1,20.0
2025-07-04 11:34:31.140549,enact,105,response_time,case_study_1,20.0
2025-07-04 11:34:31.154621,enact,106,response_time,case_study_1,20.0
2025-07-04 11:34:31.169239,enact,107,response_time,case_study_1,20.0
2025-07-04 11:34:31.203267,enact,108,response_time,case_study_1,20.0
2025-07-04 11:34:31.217693,enact,109,response_time,case_study_1,20.0
2025-07-04 11:34:31.233849,enact,110,response_time,case_study_1,20.0
2025-07-04 11:34:31.248707,enact,111,response_time,case_study_1,20.0
2025-07-04 11:34:31.264178,enact,112,response_time,case_study_1,20.0
2025-07-04 11:34:31.279881,enact,113,response_time,case_study_1,20.0
2025-07-04 11:34:31.294616,enact,114,response_time,case_study_1,20.0
2025-07-04 11:34:31.309201,enact,115,response_time,case_study_1,20.0
2025-07-04 11:34:31.323524,enact,116,response_time,case_study_1,20.0
2025-07-04 11:34:31.337637,enact,117,response_time,case_study_1,20.0
2025-07-04 11:34:31.352607,enact,118,response_time,case_study_1,20.0
2025-07-04 11:34:31.368212,enact,119,response_time,case_study_1,20.0
2025-07-04 11:34:31.383887,enact,120,response_time,case_study_1,20.0
2025-07-04 11:34:31.398516,enact,121,response_time,case_study_1,20.0
2025-07-04 11:34:31.413331,enact,122,response_time,case_study_1,20.0
2025-07-04 11:34:31.427831,enact,123,response_time,case_study_1,20.0
2025-07-04 11:34:31.442076,enact,124,response_time,case_study_1,20.0
2025-07-04 11:34:31.456491,enact,125,response_time,case_study_1,20.0
2025-07-04 11:34:31.472106,enact,126,response_time,case_study_1,20.0
2025-07-04 11:34:31.487126,enact,127,response_time,case_study_1,20.0
2025-07-04 11:34:31.502112,enact,128,response_time,case_study_1,20.0
2025-07-04 11:34:31.516756,enact,129,response_time,case_study_1,20.0
2025-07-04 11:34:31.531019,enact,130,response_time,case_study_1,20.0
2025-07-04 11:34:31.545528,enact,131,response_time,case_study_1,20.0
2025-07-04 11:34:31.559820,enact,132,response_time,case_study_1,20.0
2025-07-04 11:34:31.574103,enact,133,response_time,case_study_1,20.0
2025-07-04 11:34:31.588320,enact,134,response_time,case_study_1,20.0
2025-07-04 11:34:31.602847,enact,135,response_time,case_study_1,20.0
2025-07-04 11:34:31.617823,enact,136,response_time,case_study_1,20.0
2025-07-04 11:34:31.632222,enact,137,response_time,case_study_1,20.0
2025-07-04 11:34:31.646616,enact,138,response_time,case_study_1,20.0
2025-07-04 11:34:31.660974,enact,139,response_time,case_study_1,20.0
2025-07-04 11:34:31.675356,enact,140,response_time,case_study_1,20.0
2025-07-04 11:34:31.690237,enact,141,response_time,case_study_1,20.0
2025-07-04 11:34:31.705679,enact,142,response_time,case_study_1,20.0
2025-07-04 11:34:31.720240,enact,143,response_time,case_study_1,20.0
2025-07-04 11:34:31.735128,enact,144,response_time,case_study_1,20.0
